,isbn,title,original_title,authors,original_publication_year,average_rating
105,,Bossypants,Bossypants,Tina Fey,2011.0,3.94
120,,Lolita,Lolita,"Vladimir Nabokov, Craig Raine",1955.0,3.88
161,,The Stranger,L’Étranger,"Albert Camus, Matthew    Ward",1942.0,3.96
187,,"A Dance with Dragons (A Song of Ice and Fire, #5)",A Dance with Dragons,George R.R. Martin,2011.0,4.31
202,,"Beautiful Disaster (Beautiful, #1)",Beautiful Disaster,Jamie McGuire,2011.0,4.15
259,,How to Win Friends and Influence People,How to Win Friends and Influence People,Dale Carnegie,1936.0,4.13
323,,Fangirl,,Rainbow Rowell,2013.0,4.12
347,,We Were Liars,We Were Liars,E. Lockhart,2014.0,3.85
412,,The Three Musketeers,Les Trois Mousquetaires,Alexandre Dumas,1844.0,4.06
463,,Holy Bible: King James Version,,Anonymous,1611.0,4.43
565,,"After You (Me Before You, #2)",After You,Jojo Moyes,2015.0,3.7
643,,"Slammed (Slammed, #1)",Slammed,Colleen Hoover,2012.0,4.29
717,,The Sound and the Fury,The Sound and the Fury,William Faulkner,1929.0,3.86
741,,"Wool Omnibus (Silo, #1)",Wool Omnibus,Hugh Howey,2012.0,4.24
795,,"On Dublin Street (On Dublin Street, #1)",On Dublin Street,Samantha Young,2012.0,4.24
798,,Watchers,Watchers,Dean Koontz,1987.0,4.16
811,,"Fallen Too Far (Rosemary Beach, #1; Too Far, #1)","Fallen Too Far (Too Far, #1)",Abbi Glines,2012.0,4.21
826,,"To All the Boys I've Loved Before (To All the Boys I've Loved Before, #1)",To All the Boys I've Loved Before,Jenny Han,2014.0,4.11
833,,"Midnight Sun (Twilight, #1.5)",Midnight Sun (Partial Draft),Stephenie Meyer,2008.0,4.03
851,,When Breath Becomes Air,When Breath Becomes Air,"Paul Kalanithi, Abraham Verghese",2016.0,4.32
933,,Waiting for Godot,En attendant Godot,Samuel Beckett,1952.0,3.81
961,,"Point of Retreat (Slammed, #2)",Point of Retreat,Colleen Hoover,2012.0,4.3
994,,"The Unbecoming of Mara Dyer (Mara Dyer, #1)",The Unbecoming of Mara Dyer,Michelle Hodkin,2011.0,4.09
1061,,"The Heir (The Selection, #4)",The Heir,Kiera Cass,2015.0,3.85
1109,,"Maybe Someday (Maybe, #1)",Maybe Someday,Colleen Hoover,2014.0,4.33
1115,,"The Immortals of Meluha (Shiva Trilogy, #1)",The Immortals of Meluha,Amish Tripathi,2010.0,4.0
1129,,Ugly Love,Ugly Love,Colleen Hoover,2014.0,4.3
1138,,The Tommyknockers,The Tommyknockers,Stephen King,1987.0,3.48
1164,,"Wait for You (Wait for You, #1)",Wait for You,"J. Lynn, Jennifer L. Armentrout",2013.0,4.19
1171,,"The Opal Deception  (Artemis Fowl, #4)",The Opal Deception,Eoin Colfer,2005.0,4.04
1195,,"A Wind in the Door (A Wrinkle in Time Quintet, #2)",A Wind in the Door,Madeleine L'Engle,1973.0,4.07
1200,,"Dead Reckoning (Sookie Stackhouse, #11)",Dead Reckoning,Charlaine Harris,2011.0,3.77
1204,,Hard-Boiled Wonderland and the End of the World,世界の終りとハードボイルド・ワンダーランド [Sekai no owari to hādoboirudo wandārando],"Haruki Murakami, Alfred Birnbaum",1985.0,4.15
1218,,"The Coincidence of Callie & Kayden (The Coincidence, #1)",The Coincidence of Callie & Kayden,Jessica Sorensen,2012.0,4.21
1307,,"A Court of Mist and Fury (A Court of Thorns and Roses, #2)",A Court of Mist and Fury,Sarah J. Maas,2016.0,4.72
1365,,"The Infinite Sea (The 5th Wave, #2)",The Infinite Sea,Rick Yancey,2014.0,3.94
1371,,الفيل الأزرق,الفيل الأزرق,أحمد مراد,2012.0,3.8
1408,,The 3 Mistakes of My Life,The 3 Mistakes of My Life,Chetan Bhagat,2008.0,2.97
1469,,"This Man (This Man, #1)",This Man,Jodi Ellen Malpas,2012.0,4.13
1474,,الأسود يليق بك,الأسود يليق بك,"أحلام مستغانمي, Ahlam Mosteghanemi",2012.0,3.72
1511,,Twelve Years a Slave,Twelve Years a Slave,Solomon Northup,1853.0,4.15
1558,,"Rapture (Fallen, #4)",Rapture,Lauren Kate,2012.0,4.03
1567,,It Ends with Us,It Ends with Us,Colleen Hoover,2016.0,4.44
1627,,"Wool (Wool, #1)",Wool,Hugh Howey,2011.0,4.12
1646,,تراب الماس,تراب الماس,أحمد مراد,2010.0,4.09
1650,,"Ignite Me (Shatter Me, #3)","Ignite Me (Shatter Me, #3)",Tahereh Mafi,2014.0,4.44
1657,,"Tangled (Tangled, #1)",Tangled,Emma Chase,2013.0,4.12
1664,,"Warbreaker (Warbreaker, #1)",Warbreaker,Brandon Sanderson,2009.0,4.22
1672,,"Beneath This Man (This Man, #2)",Beneath This Man ,Jodi Ellen Malpas,2013.0,4.3
1698,,The Lake House,The Lake House,Kate Morton,2015.0,4.04
1701,,"Rule (Marked Men, #1)",Rule,"Jay Crownover, Charlotte Connan de vries",2012.0,4.16
1724,,Alice's Adventures in Wonderland,,"Lewis Carroll, John Tenniel",1865.0,3.99
1728,,Seveneves,Seveneves,Neal Stephenson,2015.0,3.98
1752,,"Reason to Breathe (Breathing, #1)",Reason to Breathe,Rebecca Donovan,2011.0,4.23
1772,,"Reckless (Thoughtless, #3)",Reckless,S.C. Stephens,2013.0,4.42
1786,,هيبتا,هيبتا,محمد صادق,2014.0,3.82
1836,,"Shift (Silo, #2)",Shift,Hugh Howey,2013.0,4.12
1866,,"The Hangman's Daughter (The Hangman's Daughter, #1)","Die Henkerstochter (Band 1 aus der Reihe ""Die Henkerstochter-Saga)","Oliver Pötzsch, Lee Chadeayne",2008.0,3.71
1904,,"Blood Song (Raven's Shadow, #1)",Blood Song,Anthony  Ryan,2011.0,4.47
1932,,أحببتك أكثر مما ينبغي,أحببتك أكثر مما ينبغى,أثير عبدالله النشمي,2010.0,3.67
1934,,Kindle Paperwhite User's Guide,kindle paperwhite user's guide 2nd edition,Amazon,2011.0,3.72
1946,,My Sister's Grave (Tracy Crosswhite #1),My Sister's Grave,Robert Dugoni,2014.0,4.0
1950,,"The Evolution of Mara Dyer (Mara Dyer, #2)",The Evolution of Mara Dyer,Michelle Hodkin,2012.0,4.33
1980,,"Naked (The Blackstone Affair, #1)",Naked,Raine Miller,2010.0,4.02
1982,,"Breathe (Sea Breeze, #1)",Breathe,Abbi Glines,2011.0,3.88
1993,,"Forever Too Far (Rosemary Beach, #3; Too Far, #3)","Forever Too Far (Too Far, #3)",Abbi Glines,2013.0,4.24
2026,,If on a Winter's Night a Traveler,Se una notte d'inverno un viaggiatore,"Italo Calvino, William Weaver",1979.0,4.08
2032,,عزازيل,عزازيل,يوسف زيدان,2008.0,4.07
2039,,"Losing Hope (Hopeless, #2)",Losing Hope,Colleen Hoover,2013.0,4.39
2081,,The Qur'an / القرآن الكريم,القرآن‎‎ [al-Qurʾān],Anonymous,609.0,4.34
2099,,Batman: The Dark Knight Returns #1,The Dark Knight Returns,Frank Miller,1986.0,4.21
2105,,"This Man Confessed (This Man, #3)",This Man Confessed,Jodi Ellen Malpas,2013.0,4.43
2150,,Saga #1,Saga #1,"Brian K. Vaughan, Fiona Staples",2012.0,4.15
2177,,"The Deal (Off-Campus, #1)",The Deal,Elle Kennedy,2015.0,4.3
2184,,"Bully (Fall Away, #1)",Bully,Penelope Douglas,2013.0,4.15
2190,,Faeries,Faeries,"Brian Froud, Alan Lee",1978.0,3.89
2204,,Sapiens: A Brief History of Humankind,קיצור תולדות האנושות‎‎,Yuval Noah Harari,2011.0,4.41
2207,,"Down to You (The Bad Boys, #1)",Down to You,M. Leighton,2013.0,4.05
2227,,Solaris,Solaris,Stanisław Lem,1961.0,3.97
2242,,The Good Neighbor,,A.J. Banner,2015.0,3.33
2272,,The Butterfly Garden (The Collector #1),The Butterfly Garden,Dot Hutchison,2016.0,4.07
2275,,"In Flight (Up in the Air, #1)",In Flight,R.K. Lilley,2012.0,4.1
2312,,"The Magician's Land (The Magicians, #3)",The Magician's Land,Lev Grossman,2014.0,4.16
2329,,"Mile High (Up in the Air, #2)",Mile high (Up In The Air #2),R.K. Lilley,2012.0,4.21
2331,,"Everything We Keep (Everything We Keep, #1)",Everything We Keep,Kerry Lonsdale,2016.0,3.84
2332,,"The Mighty Storm (The Storm, #1)",The Mighty Storm,Samantha Towle,2012.0,4.19
2347,,Yellow Crocus,,Laila Ibrahim,2010.0,4.24
2363,,"The Vincent Boys (The Vincent Boys, #1)","The Vincent Brothers (The Vincent Boys, #1)",Abbi Glines,2011.0,3.98
2394,,"Never Never (Never Never, #1)",Never Never,"Colleen Hoover, Tarryn Fisher",2015.0,4.12
2403,,"Seraphina (Seraphina, #1)",Seraphina,Rachel Hartman,2012.0,3.98
2411,,"The Wind Through the Keyhole (The Dark Tower, #4.5)",The Wind Through the Keyhole,"Stephen King, Jae Lee",2012.0,4.14
2436,,"This Girl (Slammed, #3)",This Girl,Colleen Hoover,2013.0,4.18
2442,,"Collide (Collide, #1)",Collide,Gail McHugh,2013.0,4.24
2449,,The Sea of Tranquility,The Sea of Tranquility,Katja Millay,2012.0,4.34
2501,,"Notorious Nineteen (Stephanie Plum, #19)",Notorious Nineteen,Janet Evanovich,2012.0,3.9
2508,,"The Atlantis Gene (The Origin Mystery, #1)",The Atlantis Gene,A.G. Riddle,2013.0,3.69
2516,,The Spy Who Came In from the Cold,The Spy Who Came In from the Cold,John le Carré,1963.0,4.05
2553,,"Monstrous Regiment (Discworld, #31; Industrial Revolution, #3)",Monstrous Regiment,Terry Pratchett,2003.0,4.18
2561,,"The Perfect Game (The Perfect Game, #1)",The Perfect Game,J. Sterling,2012.0,3.97
2600,,The Red Pony,The Red Pony,John Steinbeck,1933.0,3.42
2604,,"Obsidian Butterfly (Anita Blake, Vampire Hunter, #9)","Obsidian Butterfly (Anita Blake, Vampire Hunter, #9)",Laurell K. Hamilton,2000.0,4.08
2612,,We Should All Be Feminists,We Should All Be Feminists,Chimamanda Ngozi Adichie,2014.0,4.47
2623,,Prelude to Foundation,Prelude to Foundation,Isaac Asimov,1988.0,4.05
2658,,"Captive in the Dark (The Dark Duet, #1)",Captive in the Dark,C.J. Roberts,2011.0,4.01
2664,,"Twisted Perfection (Rosemary Beach, #5; Perfection, #1)","Twisted Perfection (Perfection, #1)",Abbi Glines,2013.0,4.26
2689,,"The Short Drop (Gibson Vaughn, #1)",,Matthew FitzSimmons,2015.0,4.15
2691,,"Beautiful Oblivion (The Maddox Brothers, #1)",Beautiful Oblivion,Jamie McGuire,2014.0,4.13
2698,,"Flat-Out Love (Flat-Out Love, #1)",Flat-Out Love ,Jessica Park,2011.0,4.01
2716,,Wreckage,,Emily Bleeker,2015.0,3.66
2742,,Nimona,Nimona,Noelle Stevenson,2015.0,4.2
2746,,Oranges Are Not the Only Fruit,Oranges Are Not the Only Fruit,Jeanette Winterson,1985.0,3.75
2747,,"Grounded (Up in the Air, #3)",Grounded (Up In The Air #3),R.K. Lilley,2013.0,4.29
2770,,When I Found You,When I Found You,Catherine Ryan Hyde,2009.0,3.92
2775,,"While It Lasts (Sea Breeze, #3)",While It Lasts,Abbi Glines,2012.0,4.24
2778,,"All In (The Blackstone Affair, #2)",All in,Raine Miller,2012.0,4.11
2784,,"Witch & Wizard (Witch & Wizard, #1)",Witch & Wizard,"James Patterson, Gabrielle Charbonnet",2009.0,3.57
2794,,Archer's Voice,Archer's Voice,Mia Sheridan,2014.0,4.45
2838,,War Brides,War Brides,Helen Bryan,2007.0,3.75
2867,,"Existence (Existence Trilogy, #1)",,Abbi Glines,2004.0,3.95
2940,,"The Kiss of Deception (The Remnant Chronicles, #1)",The Kiss of Deception,Mary E. Pearson,2014.0,4.06
3003,,"Crash (Crash, #1)",Crash,Nicole  Williams,2012.0,4.02
3011,,Maude,,Donna Mabry,2014.0,4.05
3039,,"Because of Low (Sea Breeze, #2)",Because of Low,Abbi Glines,2012.0,4.14
3080,,"Love Unrehearsed (Love, #2)",Love Unrehearsed,Tina Reber,2012.0,4.26
3129,,Trail of Broken Wings,Trail of Broken Wings,Sejal Badani,2015.0,3.94
3144,,"Falling into You (Falling, #1)",Falling Into You,Jasinda Wilder,2013.0,4.04
3146,,"The Rithmatist (The Rithmatist, #1)",The Rithmatist ,Brandon Sanderson,2013.0,4.25
3149,,"Mystery Man (Dream Man, #1)","Mystery Man (Dream Man, #1)",Kristen Ashley,2011.0,4.25
3198,,"Seduced in the Dark (The Dark Duet, #2)",,C.J. Roberts,2012.0,4.32
3200,,The Warlord Wants Forever (Immortals After Dark #1),The Warlord Wants Forever,Kresley Cole,2006.0,4.09
3223,,لا تحزن,لا تحزن,عائض القرني,2003.0,4.15
3240,,"Crooked Kingdom (Six of Crows, #2)",Crooked Kingdom,Leigh Bardugo,2016.0,4.62
3250,,حوار مع صديقي الملحد,,مصطفى محمود,1974.0,3.95
3259,,"UnEnchanted (An Unfortunate Fairy Tale, #1)",UnEnchanted,Chanda Hahn,2011.0,3.89
3260,,"The Bedwetter: Stories of Courage, Redemption, and Pee","The Bedwetter: Stories of Courage, Redemption and Pee",Sarah Silverman,2010.0,3.52
3265,,NARUTO -ナルト- 巻ノ四十三,NARUTO -ナルト- 巻ノ四十三 ,Masashi Kishimoto,2008.0,4.57
3271,,com نسيان,نسيان كوم,"أحلام مستغانمي, Ahlam Mosteghanemi",2009.0,3.73
3287,,في قلبي أنثى عبرية,في قلبي أنثى عبرية,خولة حمدي,2012.0,4.04
3340,,"The Bands of Mourning (Mistborn, #6)",The Bands of Mourning,Brandon Sanderson,2016.0,4.45
3370,,"The Last Town (Wayward Pines, #3)",The Last Town,Blake Crouch,2014.0,4.09
3382,,Aleph,Aleph,Paulo Coelho,2010.0,3.37
3383,,"Perfection (Neighbor from Hell, #2)",Perfection,R.L. Mathewson,2011.0,4.16
3404,,"Driven (Driven, #1)",Driven,K. Bromberg,2013.0,4.31
3421,,"Come Away with Me (With Me in Seattle, #1)",Come Away with Me,Kristen Proby,2012.0,3.94
3425,,"Taking Chances (Taking Chances, #1)",,Molly McAdams,2012.0,3.87
3433,,"Clash (Crash, #2)",Clash,Nicole  Williams,2012.0,4.17
3437,,فلتغفري,فلتغفرى,أثير عبدالله النشمي,2013.0,3.5
3533,,"The Broken Eye (Lightbringer, #3)",The Broken Eye,Brent Weeks,2014.0,4.46
3535,,"Lady Knight (Protector of the Small, #4)",Lady Knight ,Tamora Pierce,2002.0,4.3
3537,,ڤيرتيجو,ڤيرتيجو,أحمد مراد,2007.0,3.72
3553,,"Fueled (Driven, #2)",Fueled,K. Bromberg,2013.0,4.51
3568,,Nothing Lasts Forever,Nothing Lasts Forever,Sidney Sheldon,1994.0,3.82
3575,,"Out of Breath (Breathing, #3)","Out of Breath (Breathing, #3)",Rebecca Donovan,2013.0,4.32
3576,,"The Vampire's Assistant (Cirque Du Freak, #2)","The Vampire's Assistant (Cirque du Freak, #2) ",Darren Shan,2000.0,4.12
3588,,"The Vincent Brothers (The Vincent Boys, #2)",The Vincent Brothers,Abbi Glines,2012.0,4.13
3632,,"Pulse (Collide, #2)",Pulse,Gail McHugh,2013.0,4.29
3646,,"Panserhjerte (Harry Hole, #8)","Panserhjerte (Harry Hole, #8)",Jo Nesbø,2009.0,4.08
3648,,"Rock Me (Ross Siblings, #2)",,Cherrie Lynn,2010.0,4.09
3662,,"Squire (Protector of the Small, #3)",Squire,Tamora Pierce,2001.0,4.27
3665,,"Just for Now (Sea Breeze, #4)",Just for Now,Abbi Glines,2012.0,4.25
3676,,"The Gray Wolf Throne (Seven Realms, #3)",The Gray Wolf Throne,Cinda Williams Chima,2011.0,4.39
3689,,"Second Son (Jack Reacher, #15.5)",Second Son,Lee Child,2011.0,3.95
3690,,Take Me with You,,Catherine Ryan Hyde,2014.0,4.12
3705,,"The Opportunist (Love Me with Lies, #1)",The Opportunist,Tarryn Fisher,2011.0,4.22
3731,,"Beautiful Player (Beautiful Bastard, #3)",Beautiful Player,Christina Lauren,2013.0,4.38
3747,,"Seduction and Snacks (Chocolate Lovers, #1)","Seduction and Snacks (Chocolate Lovers, #1)",Tara Sivec,2012.0,4.14
3751,,"Poirot Investiga (Hércules Poirot, #3)",Poirot Investigates,Agatha Christie,1924.0,4.07
3774,,"A Game of Thrones / A Clash of Kings (A Song of Ice and Fire, #1-2)",A Clash of Kings,George R.R. Martin,1996.0,4.53
3815,,"End of Days (Penryn & the End of Days, #3)",End of Days,Susan Ee,2015.0,4.1
3844,,Guilty Wives,Guilty Wives,"James Patterson, David Ellis",2012.0,3.82
3847,,"Tales from a Not-So-Talented Pop Star (Dork Diaries, #3)",Tales From a Not-So-Talented Pop Star,Rachel Renée Russell,2011.0,4.31
3854,,"Paper Princess (The Royals, #1)",Paper Princess,"Erin Watt, Elle Kennedy, Jen Frederick",2016.0,4.08
3878,,"Just One Year (Just One Day, #2)",Just One Year,Gayle Forman,2013.0,3.9
3926,,"The King (Black Dagger Brotherhood, #12)",The King,J.R. Ward,2014.0,4.37
3971,,"Experiencing God: Knowing and Doing the Will of God, Workbook",Experiencing God : Knowing and Doing His Will - Workbook,"Henry T. Blackaby, Claude V. King, Richard Blackaby",1976.0,4.32
3975,,The Whistler,The Whistler,John Grisham,2016.0,3.87
3986,,The Things We Wish Were True,,Marybeth Mayhew Whalen,2016.0,3.83
3993,,The Basketball Diaries,The Basketball Diaries 1963-1966,Jim Carroll,1978.0,3.98
3994,,"Sin City, Vol. 4: That Yellow Bastard (Sin City, #4)",Sin City: That Yellow Bastard,Frank Miller,1996.0,4.22
4007,,"Undeniable (Undeniable, #1)",Undeniable,Madeline Sheehan,2012.0,4.08
4010,,"The Girl In The Ice (Detective Erika Foster, #1)",The Girl In The Ice,Robert Bryndza,2016.0,3.95
4033,,Time Enough for Love,Time Enough for Love,Robert A. Heinlein,1973.0,3.96
4036,,"An Invisible Thread: The True Story of an 11-Year-Old Panhandler, a Busy Sales Executive, and an Unlikely Meeting with Destiny","An Invisible Thread: The True Story of an 11-Year-Old Panhandler, a Busy Sales Executive, and an Unlikely Meeting with Destiny","Laura Schroff, Alex Tresniowski, Valerie Salembier",2010.0,4.0
4067,,"Daddy-Long-Legs (Daddy-Long-Legs, #1)",Daddy-Long-Legs       ,Jean Webster,1912.0,4.09
4076,,"The Gamble (Colorado Mountain, #1)",The Gamble,Kristen Ashley,2011.0,4.29
4085,,"Crazy Little Thing (Bell Harbor, #1)",Crazy Little Thing,Tracy Brogan,2012.0,3.8
4097,,The Next Best Thing,The Next Best Thing,Jennifer Weiner,2012.0,3.46
4108,,Making Faces,Making Faces,Amy Harmon,2013.0,4.36
4122,,When I'm Gone,When I'm Gone,"Emily Bleeker, Dan John Miller",2016.0,3.94
4131,,"Tunnels of Blood (Cirque Du Freak, #3)","Tunnels of Blood (Cirque du Freak, #3) ",Darren Shan,2000.0,4.14
4143,,Follow You Home,Follow You Home,Mark  Edwards,2015.0,3.86
4160,,"James Potter and the Hall of Elders' Crossing (James Potter, #1)",James Potter and the Hall of Elders' Crossing ,G. Norman Lippert,2007.0,3.78
4175,,All the Missing Girls,All the Missing Girls,Megan Miranda,2016.0,3.79
4184,,"Fallen Crest High (Fallen Crest High, #1)",Fallen Crest High,Tijan,2012.0,4.13
4193,,"Page (Protector of the Small, #2)",Page ,Tamora Pierce,2000.0,4.22
4197,,"Fight with Me (With Me in Seattle, #2)",,Kristen Proby,2012.0,4.25
4207,,"The Penderwicks: A Summer Tale of Four Sisters, Two Rabbits, and a Very Interesting Boy (The Penderwicks #1)","The Penderwicks: A Summer Tale of Four Sisters, Two Rabbits, and a Very Interesting Boy",Jeanne Birdsall,2005.0,4.12
4223,,"Motorcycle Man (Dream Man, #4)",Motorcycle Man,Kristen Ashley,2012.0,4.43
4231,,The Club Dumas,El club Dumas,"Arturo Pérez-Reverte, Sonia Soto",1993.0,3.82
4234,,1919,1919,أحمد مراد,2014.0,3.65
4240,,"Reaper's Property (Reapers MC, #1)",Reaper's Property,Joanna Wylde,2013.0,4.13
4254,,"A Torch Against the Night (An Ember in the Ashes, #2)",A Torch Against the Night,Sabaa Tahir,2016.0,4.34
4263,,ذاكرة الجسد,ذاكرة الجسد,"أحلام مستغانمي, Ahlam Mosteghanemi",1993.0,3.87
4299,,The Ladies' Room,,Carolyn Brown,2011.0,3.9
4311,,"Eyes Wide Open (The Blackstone Affair, #3)",Eyes wide open,Raine Miller,2013.0,4.14
4361,,Summerland,Summerland,Elin Hilderbrand,2012.0,3.85
4364,,"Knight (Unfinished Hero, #1)",Knight,Kristen Ashley,2012.0,3.94
4372,,"Crashed (Driven, #3)",Crashed,K. Bromberg,2014.0,4.56
4376,,"12th of Never (Women's Murder Club, #12)",12th of Never,"James Patterson, Maxine Paetro",2013.0,3.99
4408,,"Predestined (Existence Trilogy, #2)",Predestined,Abbi Glines,2012.0,4.09
4441,,"Ruin (Ruin, #1)",Ruin,Rachel Van Dyken,2013.0,4.19
4447,,"Charade (Games, #1)",Charade,Nyrae Dawn,2012.0,3.98
4449,,"If You Stay (Beautifully Broken, #1)",If You Stay,Courtney Cole,2013.0,3.94
4460,,"Nemesis Games (The Expanse, #5)",Nemesis Games,James S.A. Corey,2015.0,4.37
4465,,"Mine (Real, #2)",Mine,Katy Evans,2013.0,4.29
4531,,"The White Princess (The Plantagenet and Tudor Novels, #5)",The White Princess,Philippa Gregory,2013.0,3.85
4539,,14,14,Peter Clines,2012.0,3.92
4563,,"Checkmate (Neighbor from Hell, #3)","Checkmate (A Neighbor from Hell, #3)",R.L. Mathewson,2012.0,4.15
4568,,"Hardwired (Hacker, #1)",Hardwired,Meredith Wild,2013.0,4.07
4590,,أنت لي,أنت لي,منى المرشود,2007.0,4.03
4600,,"Year of Yes: How to Dance It Out, Stand In the Sun and Be Your Own Person",,Shonda Rhimes,2015.0,4.05
4622,,"Timebound (The Chronos Files, #1)",Time's Twisted Arrow ,Rysa Walker,2012.0,3.87
4624,,"Twenty-Eight and a Half Wishes (Rose Gardner Mystery, #1)",,Denise Grover Swank,2011.0,3.9
4636,,"The Proposal (The Proposition, #2)",The Proposal,Katie Ashley,2013.0,4.04
4640,,Fantastic Beasts and Where to Find Them: The Original Screenplay,Fantastic Beasts and Where to Find Them: The Original Screenplay,J.K. Rowling,2016.0,4.41
4647,,"Prince of Wolves (The Grey Wolves, #1)",Prince of Wolves ,Quinn Loftis,2011.0,4.06
4651,,"Devoured (Devoured, #1)",Devoured,Emily Snow,2012.0,3.94
4661,,"Simple Perfection (Rosemary Beach, #6; Perfection, #2)","Simple Perfection (Perfection, #2)",Abbi Glines,2013.0,4.25
4672,,"The Scarecrow (Jack McEvoy, #2)",The Scarecrow ,Michael Connelly,2009.0,4.03
4675,,1/4 جرام,1/4 جرام,Essam Youssef,2008.0,4.02
4707,,BookRags Summary:  A Storm of Swords,,BookRags,,4.59
4735,,The Dead Key,,D.M. Pulley,2015.0,3.79
4740,,"Leave Me Breathless (Ross Siblings, #3)",,Cherrie Lynn,2012.0,4.26
4741,,"Play (Stage Dive, #2)",Play,Kylie Scott,2014.0,4.33
4751,,Stuck-Up Suit,Stuck-Up Suit,"Vi Keeland, Penelope Ward",2016.0,4.14
4759,,رحلتي من الشك إلى الإيمان,رحلتي من الشك إلى الإيمان,مصطفى محمود,1970.0,4.03
4763,,"Beauty from Surrender (Beauty, #2)",Beauty from Surrender,Georgia Cates,2013.0,4.13
4777,,The Holy Bible: English Standard Version,Holy Bible English Standard Version,Anonymous,2001.0,4.66
4786,,Life and Other Near-Death Experiences,,Camille Pagán,2015.0,3.82
4803,,"The Air He Breathes (Elements, #1)",The Air He Breathes,Brittainy C. Cherry,2015.0,4.2
4825,,The Call of Cthulhu,The Call of Cthulhu,H.P. Lovecraft,1928.0,4.05
4828,,The One That Got Away,The One That Got Away,Simon Wood,2015.0,3.77
4833,,How to Build a Girl,How to Build a Girl,Caitlin Moran,2014.0,3.69
4848,,"Father Mine (Black Dagger Brotherhood, #6.5)",,J.R. Ward,2008.0,4.51
4850,,"Electric Daisy, Vol. 1 (Dengeki Daisy, #1)",電撃デイジー 1,Kyousuke Motomi,2007.0,4.3
4852,,The Einstein Prophecy,,Robert Masello,2015.0,3.58
4865,,White Nights,Белые ночи,Fyodor Dostoyevsky,1848.0,4.05
4877,,"A Shade of Blood (A Shade of Vampire, #2)",,Bella Forrest,,4.01
4895,,"Never Never: Part Three (Never Never, #3)",,"Colleen Hoover, Tarryn Fisher",2016.0,3.48
4902,,"The Atlantis Plague (The Origin Mystery, #2)",The Atlantis Plague,A.G. Riddle,2013.0,3.88
4917,,"The Score (Off-Campus, #3)",The Score,Elle Kennedy,2016.0,4.27
4928,,"White Hot Kiss (The Dark Elements, #1)",White Hot Kiss,Jennifer L. Armentrout,2014.0,4.28
4934,,28 حرف,28 حرف,أحمد حلمي,2012.0,3.1
4968,,Min kamp 1 (Min kamp #1),Min kamp 1,Karl Ove Knausgård,2009.0,4.08
4979,,فوضى الحواس,فوضى الحواس,"أحلام مستغانمي, Ahlam Mosteghanemi",1997.0,3.83
5020,,"Own the Wind (Chaos, #1)",Own the Wind,Kristen Ashley,2013.0,4.22
5062,,"Up to Me (The Bad Boys, #2)",Up to Me,M. Leighton,2013.0,4.12
5063,,"Waking Up Married (Waking Up, #1)",Waking Up Married,Mira Lyn Kelly,2012.0,3.53
5110,,Bossman,,Vi Keeland,2016.0,4.25
5136,,"Sweet Dreams (Colorado Mountain, #2)",Sweet Dreams,Kristen Ashley,2011.0,4.42
5169,,"Play with Me (With Me in Seattle, #3)",Play With Me,Kristen Proby,2013.0,4.33
5171,,"Second Chance Boyfriend (One Week Girlfriend, #2)",Second Chance Boyfriend,Monica  Murphy,2013.0,4.06
5177,,"The Hook Up (Game On, #1)",The Hook Up,Kristen Callihan,2014.0,4.04
5184,,"Sand Omnibus (Sand, #1-5)",Sand Omnibus,Hugh Howey,2014.0,3.96
5189,,"Ceaseless (Existence Trilogy, #3)",Ceaseless,Abbi Glines,2012.0,4.2
5218,,Two By Two,Two By Two,Nicholas Sparks,2016.0,3.9
5245,,"Raw (RAW Family, #1)",Raw,Belle Aurora,2014.0,4.23
5249,,"That Boy (That Boy, #1)",That Boy,Jillian Dodd,2011.0,3.96
5265,,"Beautiful Bitch (Beautiful Bastard, #1.5)",Beautiful Bitch,Christina Lauren,2013.0,3.94
5271,,"Until November (Until, #1)",Until November,Aurora Rose Reynolds,2013.0,4.16
5278,,My Heart and Other Black Holes,My Heart and Other Black Holes,Jasmine Warga,2015.0,4.02
5295,,The Chemist,The Chemist,Stephenie Meyer,2016.0,3.69
5343,,"A Game of Thrones: Comic Book, Issue 1",A Song of Ice and Fire Graphic Novels,"Daniel Abraham, George R.R. Martin, Tommy Patterson",2011.0,4.65
5372,,بيكاسو وستاربكس,بيكاسو وستاربكس,ياسر حارب,2011.0,3.55
5378,,Sleep Tight,Sleep tight,Rachel Abbott,2014.0,3.98
5392,,"The Initiate (Divergent, #0.2)",Four: The Initiate,Veronica Roth,2014.0,4.2
5404,,Percy Jackson's Greek Gods (A Percy Jackson and the Olympians Guide),Percy Jackson's Greek Gods,"Rick Riordan, John Rocco",2014.0,4.51
5440,,House,House,"Frank E. Peretti, Ted Dekker",2006.0,3.6
5449,,"Until You (Fall Away, #1.5)",Until You,"Penelope Douglas, Nelson Hobbs",2013.0,4.36
5450,,Perahu Kertas,Perahu Kertas,Dee Lestari,2004.0,3.94
5456,,"Be with Me (Wait for You, #2)",Be with Me,"J. Lynn, Jennifer L. Armentrout",2014.0,4.15
5465,,"Take a Chance (Rosemary Beach, #7; Chance, #1)","Take a Chance (Chance, #1)",Abbi Glines,2014.0,4.15
5470,,What Got You Here Won't Get You There: How Successful People Become Even More Successful,What Got You Here Won't Get You There: How Successful People Become Even More Successful,"Marshall Goldsmith, Mark Reiter",2007.0,3.94
5476,,"Edensor (Tetralogi Laskar Pelangi, #3)",Edensor,Andrea Hirata,2007.0,4.06
5499,,Jacob Have I Loved,Jacob Have I Loved,Katherine Paterson,1980.0,3.64
5502,,"Maybe Not (Maybe, #1.5)",Maybe Not,Colleen Hoover,2014.0,4.14
5512,,"Thief (Love Me with Lies, #3)",Thief,Tarryn Fisher,2013.0,4.4
5545,,"Found in You (Fixed, #2)",Found in You,Laurelin Paige,2013.0,4.27
5554,,"Jet (Marked Men, #2)",Jet,Jay Crownover,2013.0,4.09
5583,,"Avoiding Commitment (Avoiding, #1)",Avoiding Commitment,K.A. Linde,2012.0,3.85
5637,,"Law Man (Dream Man, #3)",Law Man,Kristen Ashley,2012.0,4.33
5643,,"Dirty Red (Love Me with Lies, #2)",Dirty Red,Tarryn Fisher,2012.0,4.22
5646,,تاكسي: حواديت المشاوير,تاكسي: حواديت المشاوير,"خالد الخميسي, Khaled Al Khamissi",2006.0,3.68
5648,,The Hating Game,The Hating Game,Sally   Thorne,2016.0,4.24
5650,,"Neanderthal Seeks Human (Knitting in the City, #1)",Neanderthal Seeks Human,Penny Reid,2013.0,3.96
5653,,"Criminal (Will Trent, #6)",Criminal,Karin Slaughter,2012.0,4.21
5680,,"Killers of the Dawn (Cirque Du Freak, #9)","Killers of the Dawn (Cirque Du Freak, #9)",Darren Shan,2003.0,4.22
5705,,حبيبتي بكماء,,محمد السالم,2013.0,3.3
5726,,"His Needs, Her Needs: Building an Affair-Proof Marriage","Que Necesita El, Que Necesita Ella ",Willard F. Harley Jr.,1986.0,4.11
5745,,"Vain (The Seven Deadly, #1)",,Fisher Amelie,2012.0,4.25
5761,,Abducted (Lizzy Gardner #1),Abducted,T.R. Ragan,2011.0,3.94
5806,,The Mill River Recluse,The Mill River Recluse,Darcie Chan,2014.0,3.55
5809,,"The Secret Hour (Midnighters, #1)",The Secret Hour,Scott Westerfeld,2004.0,3.8
5820,,"Rock with Me (With Me in Seattle, #4)",Rock With Me,Kristen Proby,2013.0,4.3
5823,,"Hardpressed (Hacker, #2)",,Meredith Wild,2013.0,4.27
5829,,Grimm's Fairy Tales,Grimms Märchen,"Jacob Grimm, Wilhelm Grimm, منى الخميسي",1857.0,4.14
5830,,The Definitive Book of Body Language,The Definitive Book of Body Language,"Allan Pease, Barbara Pease",2004.0,3.97
5831,,"Between the Lines (Between the Lines, #1)",Between the Lines,Tammara Webber,2011.0,3.71
5840,,The New Best Recipe,"The New Best Recipe: All-New Edition with 1,000 Recipes","Cook's Illustrated Magazine, John Burgoyne, Carl Tremblay",1995.0,4.2
5846,,"Black Butler, Vol. 3 (Black Butler, #3)",黒執事 III [Kuroshitsuji III],Yana Toboso,2007.0,4.53
5849,,"Club Shadowlands (Masters of the Shadowlands, #1)","Club Shadowlands (Masters of the Shadowlands, #1)",Cherise Sinclair,2009.0,3.99
5855,,"Accordance (Significance, #2)",Accordance,Shelly Crane,2011.0,4.28
5865,,"Before Jamaica Lane (On Dublin Street, #3)",,Samantha Young,2014.0,4.35
5883,,Norse Mythology,Norse Mythology,Neil Gaiman,2017.0,4.12
5887,,"Bad Rep (Bad Rep, #1)",,A. Meredith Walters,2012.0,3.91
5895,,"Wild Man (Dream Man, #2)",Wild Man,Kristen Ashley,2011.0,4.21
5903,,"Seducing Cinderella (Fighting for Love, #1)",Seducing Cinderella,Gina L. Maxwell,2012.0,3.94
5969,,"The Unidentified Redhead (Redhead, #1)",The Unidentified Redhead,Alice Clayton,2010.0,4.04
5986,,Hidden,Hidden,Catherine McKenzie,2013.0,3.44
5989,,الطنطورية,الطنطورية ,"Radwa Ashour, رضوى عاشور",2010.0,4.32
6000,,"Rock the Heart (Black Falcon, #1)",Rock the Heart,Michelle A. Valentine,2012.0,4.01
6007,,"Captive Prince (Captive Prince, #1)",Captive Prince,C.S. Pacat,2015.0,3.98
6014,,"The Atlantis World (The Origin Mystery, #3)",The Atlantis World,A.G. Riddle,2014.0,3.93
6015,,"Embrace (The Violet Eden Chapters, #1)",Embrace,Jessica Shirvington,2010.0,4.01
6025,,"Trust in Me (Wait for You, #1.5)",Trust in Me,"J. Lynn, Jennifer L. Armentrout",2013.0,4.27
6030,,Jasper Jones,Jasper Jones,Craig Silvey,2009.0,4.06
6057,,"Chrzest ognia (Saga o Wiedźminie, #5)",Chrzest ognia,Andrzej Sapkowski,1996.0,4.36
6074,,"The Mating  (Law of the Lycans, #2)",The Mating,Nicky Charles,2010.0,4.02
6080,,"The Fixed Trilogy (Fixed, #1-3)",,Laurelin Paige,2014.0,4.35
6090,,"The Shadows (Black Dagger Brotherhood, #13)",The Shadows,J.R. Ward,2015.0,4.29
6097,,"If I Were You (Inside Out, #1)",If I were you,Lisa Renee Jones,2012.0,4.14
6098,,"Beautifully Damaged (Beautifully Damaged, #1)",Beautifully Damaged,L.A. Fiore,2012.0,3.99
6099,,"Wethering the Storm (The Storm, #2)",Wethering the Storm,Samantha Towle,2013.0,4.33
6102,,"Forever Black (Forever, #1)",Forever Black,Sandi Lynn,2013.0,3.99
6110,,"Defiance (Significance, #3)",Defiance,Shelly Crane,2011.0,4.31
6114,,"Revealed (House of Night, #11)",Revealed,"P.C. Cast, Kristin Cast",2013.0,3.81
6115,,We're All Damaged,,Matthew Norman,2016.0,3.85
6126,,Leo,Leo,Mia Sheridan,2013.0,4.06
6144,,The Wall of Winnipeg and Me,The Wall of Winnipeg and Me,Mariana Zapata,2016.0,4.34
6175,,"Find You in the Dark (Find You in the Dark, #1)",Find You in the Dark,A. Meredith Walters,2012.0,3.98
6197,,النبطي,النبطي,"يوسف زيدان, Youssef Ziedan",2010.0,3.43
6204,,"Unbeautifully (Undeniable, #2)",,Madeline Sheehan,2013.0,4.38
6205,,The Girl With No Past,The Girl With No Past,Kathryn Croft,2015.0,3.59
6207,,"Lady Luck (Colorado Mountain, #3)",Lady Luck,Kristen Ashley,2011.0,4.44
6220,,"A Castle of Sand (A Shade of Vampire, #3)",,Bella Forrest,2013.0,4.1
6230,,Killing Patton: The Strange Death of World War II's Most Audacious General,Killing Patton: The Strange Death of World War II's Most Audacious General,"Bill O'Reilly, Martin Dugard",2014.0,4.08
6235,,"First Shift: Legacy (Shift, #1)",First Shift: Legacy,Hugh Howey,2012.0,4.21
6267,,"Beautiful Broken Rules (Broken, #1)",,Kimberly Lauren,2013.0,4.15
6280,,"The English Spy (Gabriel Allon, #15)",The English Spy,Daniel Silva,2015.0,4.16
6285,,"The Bet (The Bet, #1)",The Bet,Rachel Van Dyken,2013.0,3.85
6288,,Too Late,,Colleen Hoover,2016.0,4.03
6302,,"Sweet Home (Sweet Home, #1)",,Tillie Cole,2013.0,4.05
6338,,"Hearts in Darkness (Hearts in Darkness, #1)",Hearts In Darkness,Laura Kaye,2011.0,3.86
6357,,The Sisterhood,,Helen Bryan,2012.0,3.75
6364,,"Price of a Kiss (Forbidden Men, #1)",,Linda Kage,2013.0,4.1
6369,,"Beautiful Sacrifice (The Maddox Brothers, #3)",Beautiful Sacrifice,Jamie McGuire,2015.0,4.08
6411,,"Reasonable Doubt: Volume 1 (Reasonable Doubt, #1)",Reasonable Doubt,Whitney G.,2014.0,4.13
6414,,"The Game Changer (The Perfect Game, #2)",,J. Sterling,2013.0,4.11
6423,,"Bad Things (Tristan & Danika, #1)",,R.K. Lilley,2013.0,4.33
6431,,Miramont's Ghost,,Elizabeth  Hall,2015.0,3.34
6463,,"Crush (Crush, #1)",,Lacey Weatherford,2012.0,3.97
6472,,The Glassblower,Die Glasbläserin,"Petra Durst-Benning, Samuel Willcocks",2000.0,3.87
6481,,An Innocent Client,An Innocent Client,Scott Pratt,2008.0,4.16
6492,,"Axel (Corps Security, #1)",Axel,Harper Sloan,2013.0,4.13
6517,,"Food Inc.: A Participant Guide: How Industrial Food is Making Us Sicker, Fatter, and Poorer-And What You Can Do About It","Food Inc.: A Participant Guide: How Industrial Food is Making Us Sicker, Fatter, and Poorer-And What You Can Do About It",Karl Weber,2009.0,4.19
6537,,"The Master Magician (The Paper Magician Trilogy, #3)",The Master Magician,Charlie N. Holmberg,2015.0,3.82
6541,,"The Marriage Trap (Marriage to a Billionaire, #2)",The Marriage Trap,Jennifer Probst,2012.0,3.9
6583,,"The One You Love (Emma Holden Suspense Mystery, #1)",,Paul Pilkington,2011.0,3.39
6595,,"Murder of Crows (The Others, #2)",Murder of Crows,Anne Bishop,2014.0,4.31
6624,,The Yacoubian Building,عمارة يعقوبيان,"Alaa Al Aswany, علاء الأسواني",2002.0,3.65
6645,,"Silent Scream (D.I. Kim Stone, #1)",Silent Scream,Angela Marsons,2015.0,4.02
6656,,"More Than This (More Than, #1)",,Jay McLean,2013.0,4.15
6694,,The Constant Gardener,The Constant Gardener,John le Carré,2001.0,3.78
6699,,"Rush Too Far (Rosemary Beach, #4; Too Far, #4)","Rush Too Far (Too Far, #4)",Abbi Glines,2014.0,4.25
6702,,"A Hidden Fire (Elemental Mysteries, #1)",A Hidden Fire,Elizabeth   Hunter,2011.0,4.05
6710,,"Epilogue (The Dark Duet, #3)",,C.J. Roberts,2013.0,4.29
6738,,"Breathe (Colorado Mountain, #4)",Breathe,Kristen Ashley,2012.0,4.38
6758,,"Indebted (The Premonition, #3)",,Amy A. Bartol,2012.0,4.37
6770,,"Fairest (An Unfortunate Fairy Tale, #2)",,Chanda Hahn,2012.0,4.12
6771,,رباعيات خيام,رباعیات [Robāʿiāt-e ʿOmar Khayyām],"Omar Khayyám, محمدعلی فروغی, قاسم غنی",1120.0,4.18
6782,,"Fate (My Blood Approves, #2)",Fate,Amanda Hocking,2010.0,3.99
6802,,"Sometimes It Lasts (Sea Breeze, #5)",Sometimes It Lasts,Abbi Glines,2013.0,4.28
6814,,"The Fate of Ten (Lorien Legacies, #6)",,Pittacus Lore,2015.0,4.32
6848,,"Bright Side (Bright Side, #1)",,Kim Holden,2014.0,4.42
6880,,Better off Friends,Better Off Friends,Elizabeth Eulberg,2014.0,3.95
6896,,"Wrong (Wrong, #1)",Wrong,Jana Aston,2015.0,3.94
6898,,"The Line (Witching Savannah, #1)",The Line,J.D. Horn,2014.0,3.78
6906,,Never Knowing,Never Knowing,Chevy Stevens,2011.0,3.85
6928,,Terms of Enlistment (Frontlines #1),Terms of Enlistment,Marko Kloos,2013.0,3.96
6929,,"Reaper's Legacy (Reapers MC, #2)",Reaper's Legacy,Joanna Wylde,2014.0,4.27
6939,,"Her Final Breath (Tracy Crosswhite, #2)",,Robert Dugoni,2015.0,4.27
6959,,"Creed (Unfinished Hero, #2)",Creed,Kristen Ashley,2012.0,4.17
6963,,Wake (Watersong #1),Wake (Watersong #1),Amanda Hocking,2012.0,3.7
6964,,A Dark Lure,,Loreth Anne White,2015.0,4.14
6968,,"The Mind Readers (Mind Readers, #1)",The Mind Readers,Lori Brighton,2010.0,3.76
6973,,"Deep (Stage Dive, #4)",Deep,Kylie Scott,2015.0,4.09
6982,,"Forever Mine (The Moreno Brothers, #1)",Forever Mine ,Elizabeth Reyes,2010.0,3.88
6999,,كخه يا بابا,كخه يا بابا,عبدالله المغلوث,2011.0,3.71
7003,,Departure,Departure,A.G. Riddle,2014.0,3.79
7023,,استمتع بحياتك,استمتع بحياتك,محمد عبد الرحمن العريفي,2006.0,4.21
7035,,"A Shadow of Light (A Shade of Vampire, #4)",,Bella Forrest,2013.0,4.1
7042,,نادي السيارات,,"Alaa Al Aswany, علاء الأسواني",2013.0,3.41
7050,,"Forever with You (Fixed, #3)",,Laurelin Paige,2014.0,4.33
7060,,"Beautiful Bombshell (Beautiful Bastard, #2.5)",Beautiful Bombshell,Christina Lauren,2013.0,4.06
7066,,"Hostile Witness (Witness Series, #1)",Hostile Witness,Rebecca Forster,2004.0,3.72
7070,,A Death in Sweden,,Kevin Wignall,2016.0,3.79
7072,,Loving Mr. Daniels,Loving Mr. Daniels,Brittainy C. Cherry,2014.0,4.28
7083,,"Hollywood Dirt (Hollywood Dirt, #1)",Hollywood Dirt,Alessandra Torre,2015.0,4.12
7093,,"No Man's Land (John Puller, #4)",No Man's Land,David Baldacci,2016.0,4.19
7096,,"Welcome to Shadowhunter Academy (Tales from the Shadowhunter Academy, #1)",,"Cassandra Clare, Sarah Rees Brennan",2015.0,4.1
7107,,The Pecan Man,,Cassie Dandridge Selleck,2012.0,4.07
7113,,عابر سرير,عابر سرير,"أحلام مستغانمي, Ahlam Mosteghanemi",2003.0,3.64
7133,,"Blood Rites (The Grey Wolves, #2)",Blood Rites ,Quinn Loftis,2011.0,4.41
7135,,"Carter Reed (Carter Reed, #1)",Carter Reed,Tijan,2013.0,4.03
7162,,"Twisted (Tangled, #2)",Twisted,Emma Chase,2014.0,4.04
7184,,"Hero (Hero, #1)",Hero,Samantha Young,2015.0,4.1
7195,,The Baller: A Down and Dirty Football Novel,The Baller: A Down and Dirty Football Novel,Vi Keeland,2016.0,4.13
7201,,"Remy (Real, #3)",,Katy Evans,2013.0,4.31
7202,,"Rock Chick Revenge (Rock Chick, #5)",,Kristen Ashley,2011.0,4.5
7212,,"Shadow Prey (Lucas Davenport, #2)",,John Sandford,1990.0,3.99
7218,,"Deep Down (Jack Reacher, #16.5)","Deep Down (Jack Reacher, #16.5)",Lee Child,2012.0,3.87
7223,,"Knight & Play (Knight, #1)",Knight & Play,Kitty French,2012.0,4.04
7224,,"Queen of Fire (Raven's Shadow, #3)",Queen of Fire,Anthony  Ryan,2015.0,3.64
7239,,"The Dry (Aaron Falk, #1)",The Dry,Jane Harper,2017.0,4.07
7254,,"Surrender Your Love (Surrender Your Love, #1)",Surrender Your Love,J.C. Reed,2013.0,3.91
7255,,CyberStorm,CyberStorm,Matthew Mather,2013.0,3.75
7264,,"Saint Odd (Odd Thomas, #7)",Saint Odd,Dean Koontz,2015.0,4.12
7272,,Wave,Wave,Sonali Deraniyagala,2013.0,3.7
7280,,The Murders in the Rue Morgue,The Murders in the Rue Morgue,Edgar Allan Poe,1841.0,3.92
7293,,محال,محال,"يوسف زيدان, Youssef Ziedan",2012.0,3.31
7318,,"Gunmetal Magic (Kate Daniels, #5.5)",Gunmetal Magic,Ilona Andrews,2012.0,4.28
7319,,"Half a War (Shattered Sea, #3)",Half a War,Joe Abercrombie,2015.0,4.01
7320,,"Rock Chick Renegade (Rock Chick, #4)",,Kristen Ashley,2011.0,4.46
7321,,"The Marriage Mistake (Marriage to a Billionaire, #3)",The Marriage Mistake,Jennifer Probst,2012.0,3.96
7367,,"Captive Prince: Volume Two (Captive Prince, #2)",Prince's Gambit,C.S. Pacat,2015.0,4.51
7380,,"Beautiful Beginning (Beautiful Bastard, #3.5)",,Christina Lauren,2013.0,4.24
7390,,"The Assassin and the Pirate Lord (Throne of Glass, #0.1)",The Assassin and the Pirate Lord,Sarah J. Maas,2012.0,4.23
7411,,Binge,Binge,Tyler Oakley,2015.0,4.3
7412,,Black Lies,Black Lies,Alessandra Torre,2014.0,4.32
7414,,"Rome (Marked Men, #3)","Rome (Marked Men, #3)","Jay Crownover, Charlotte Connan de vries",2014.0,4.22
7430,,Mosquitoland,Mosquitoland,David  Arnold,2015.0,3.92
7431,,The Perfect Son,The Perfect Son,Barbara Claypole White,2015.0,3.97
7433,,"Raid (Unfinished Hero, #3)",Raid,Kristen Ashley,2013.0,4.23
7444,,"Fire Inside (Chaos, #2)",,Kristen Ashley,2013.0,4.33
7449,,ظل الأفعى,ظل الأفعى,يوسف زيدان,2006.0,3.0
7460,,"Tall, Tatted and Tempting (The Reed Brothers, #1)",,Tammy Falkner,2013.0,4.23
7471,,السنجة,السنجة,أحمد خالد توفيق,2012.0,3.16
7484,,سینوهه,Sinuhe egyptiläinen ,"Mika Waltari, ذبیح‌الله منصوری",1945.0,4.08
7487,,"Maid for Love (Gansett Island Series, #1)","Maid for Love (Gansett Island Series, #1)",Marie Force,2011.0,3.98
7509,,"One More Chance (Rosemary Beach, #8; Chance, #2)",One More Chance,Abbi Glines,2014.0,4.29
7522,,"Hogwarts: An Incomplete and Unreliable Guide (Pottermore Presents, #3)",Hogwarts: An Incomplete and Unreliable Guide,J.K. Rowling,2016.0,4.21
7529,,"The Cellar (The Cellar, #1)",,Natasha Preston,2014.0,3.94
7541,,The Woman Who Stole My Life,The Woman who Stole my Life,Marian Keyes,2014.0,3.52
7554,,Bone Gap,Bone Gap,Laura Ruby,2015.0,3.86
7566,,"Negeri 5 Menara (Negeri 5 Menara, #1)",Negeri 5 Menara,Ahmad Fuadi,2009.0,4.04
7604,,"Shock Wave (Virgil Flowers, #5)",Shock Wave,John Sandford,2011.0,4.19
7620,,"The Assassin and the Desert (Throne of Glass, #0.3)",The Assassin and the Desert,Sarah J. Maas,2012.0,4.4
7678,,"For You (The 'Burg, #1)",For You,Kristen Ashley,2011.0,4.19
7681,,"Friend-Zoned (Friend-Zoned, #1)",,Belle Aurora,2013.0,3.99
7690,,"Timeless (Parasol Protectorate, #5)",Timeless,Gail Carriger,2012.0,4.12
7692,,How Google Works,How Google Works,"Eric Schmidt, Jonathan Rosenberg",2014.0,4.03
7693,,"Killing Sarai (In the Company of Killers, #1)",Killing Sarai,J.A. Redmerski,2013.0,4.17
7701,,"The Law of Moses (The Law of Moses, #1)",The Law of Moses,Amy Harmon,2014.0,4.37
7704,,"Fallen Crest Family (Fallen Crest High, #2)",,Tijan,2013.0,4.28
7711,,"Special A, Vol. 1 (Special A, #1)",スペシャル·エー,Maki Minami,2003.0,4.18
7717,,"Dark Challenge (Dark, #5)",Dark challenge,Christine Feehan,2000.0,4.23
7725,,The House by the Lake,,Ella Carey,2016.0,3.9
7759,,"Damaged 2 (Damaged, #2)",,H.M. Ward,2013.0,4.13
7772,,"Three Dark Crowns (Three Dark Crowns, #1)",Three Dark Crowns,Kendare Blake,2016.0,3.86
7781,,Under Locke,Under Locke,Mariana Zapata,2014.0,4.11
7789,,الجزار,الجزار,حسن الجندي,2011.0,4.11
7800,,"Addicted to You (Addicted, #1)",Addicted to You,"Krista Ritchie, Becca Ritchie",2013.0,3.9
7802,,Kindle User's Guide,,Amazon,2009.0,3.64
7805,,Sadako and the Thousand Paper Cranes,Sadako and the Thousand Paper Cranes,"Eleanor Coerr, Ronald Himler",1977.0,4.09
7814,,"The Friend Zone (Game On, #2)",The Friend Zone,Kristen Callihan,2015.0,4.21
7820,,Low Pressure,Low Pressure,"Sandra Brown, Stephen Lang",2012.0,3.86
7822,,عائد إلى حيفا,عائد إلى حيفا,غسان كنفاني,1969.0,4.32
7869,,"Fighting for Flight (Fighting, #1)",,J.B. Salsbury,2013.0,4.16
7876,,"Reasonable Doubt: Volume 2 (Reasonable Doubt, #2)",Reasonable Doubt: Volume 2,Whitney G.,2014.0,4.14
7884,,The Light of the Fireflies,,"Paul Pen, Simon Bruni",2013.0,3.76
7902,,"It Ain't Me, Babe (Hades Hangmen, #1)",,Tillie Cole,2014.0,4.22
7907,,"Extreme Prey (Lucas Davenport, #26)",,John Sandford,2016.0,4.29
7919,,"Great by Choice: Uncertainty, Chaos, and Luck--Why Some Thrive Despite Them All",,"James C. Collins, Morten T. Hansen",2011.0,4.07
7920,,2BR02B,2BR02B,Kurt Vonnegut Jr.,1962.0,3.93
7929,,Only the Innocent (DCI Tom Douglas #1),Only the Innocent,Rachel Abbott,2011.0,4.03
7930,,"The Walking Dead, Vol. 10: What We Become","The Walking Dead, Vol. 10: What We Become",Robert Kirkman,2009.0,4.29
7932,,"A Better World (Brilliance Saga, #2)",A Better World,Marcus Sakey,2014.0,4.15
7934,,"A Leaf on the Wind of All Hallows (Outlander, #8.5)","A Leaf on the Wind of All Hallows (Outlander, #8.5)",Diana Gabaldon,2012.0,4.24
7935,,Scoring Wilder,Scoring Wilder,R.S. Grey,2014.0,4.1
7947,,"Wired (Wired, #1)",,Douglas E. Richards,2005.0,3.74
7953,,"Happy, Happy, Happy",Legend of the Duck Commander,"Phil Robertson, Mark Schlabach",2013.0,4.06
7955,,"Always You (Best Friend, #1)",Best Friends with a Self-Confessed Player,Kirsty Moseley,2012.0,3.96
7961,,"The Submissive (Submissive, #1)",The submissive,Tara Sue Me,2012.0,3.97
7972,,"Where You Are (Between the Lines, #2)",Where You Are,Tammara Webber,2011.0,3.94
7992,,"Secret History (Mistborn, #3.5)",Mistborn: Secret History,Brandon Sanderson,2016.0,4.38
7998,,"Safe with Me (With Me in Seattle, #5)",,Kristen Proby,2013.0,4.37
8000,,"Monster in His Eyes (Monster in His Eyes, #1)",,J.M. Darhower,2014.0,4.21
8016,,Don't Let Me Go,Don't Let Me Go,Catherine Ryan Hyde,2011.0,4.13
8040,,"The Son (Divergent, #0.3)",Four: The Son,Veronica Roth,2014.0,4.11
8055,,"1Q84 #1-2 (1Q84, #1-2)",1Q84 Books 1-2,"Haruki Murakami, Jay Rubin",2009.0,4.07
8057,,"Rock Chick Reckoning (Rock Chick, #6)",,Kristen Ashley,2011.0,4.44
8062,,"Stranger Child (DCI Tom Douglas, #4)",,Rachel Abbott,2015.0,4.18
8085,,"Someone to Love (Someone to Love, #1)",Someone To Love,Addison Moore,2012.0,3.74
8088,,"Until Trevor (Until, #2)",,Aurora Rose Reynolds,2013.0,4.2
8107,,"The Last Girl (The Dominion Trilogy, #1)",,Joe Hart,2016.0,3.77
8109,,"Rock Chick Regret (Rock Chick, #7)",,Kristen Ashley,2011.0,4.55
8112,,"A Quest of Heroes (The Sorcerer's Ring, #1)",,Morgan Rice,2012.0,3.46
8117,,The Prettiest One,,James  Hankins,2015.0,3.66
8118,,Falling into Place,Falling Into Place,Amy Zhang,2014.0,3.88
8128,,Vanished (Callahan & McLane #1),,Kendra Elliot,2014.0,4.07
8136,,F*ck Love,,Tarryn Fisher,2015.0,4.13
8137,,The Danish Girl,The Danish Girl,David Ebershoff,2000.0,3.74
8143,,Hidden (Bone Secrets. #1),Hidden ,Kendra Elliot,2012.0,3.98
8144,,Punk 57,Punk 57,Penelope Douglas,2016.0,4.22
8146,,Nikola Tesla: Imagination and the Man That Invented the 20th Century,Nikola Tesla: Imagination and the Man That Invented the 20th Century,Sean Patrick,2013.0,3.79
8154,,"The Hedge Knight (The Tales of Dunk and Egg, #1)",The Hedge Knight,George R.R. Martin,1998.0,4.23
8163,,"Endless Knight (The Arcana Chronicles, #2)",Endless Knight ,Kresley Cole,2013.0,4.39
8177,,"Broken Silence (Silence, #2)",Broken Silence,Natasha Preston,2013.0,4.14
8203,,"The Unwanted Wife (Unwanted, #1)",The Unwanted Wife,Natasha Anders,2012.0,3.94
8204,,"Royally Screwed (Royally, #1)",Royally Screwed,Emma Chase,2016.0,4.11
8208,,رجال في الشمس,رجال في الشمس,غسان كنفاني,1963.0,4.16
8223,,How to Be Both,How to Be Both,Ali Smith,2014.0,3.61
8246,,واحة الغروب,واحة الغروب,بهاء طاهر,2006.0,3.82
8251,,"Feral Sins (The Phoenix Pack, #1)",Feral Sins,Suzanne Wright,2012.0,4.12
8262,,2 ضباط,2 ضباط,Essam Youssef,2013.0,3.64
8292,,"Sincerely, Carter (Sincerely Carter, #1)",,Whitney G.,2015.0,4.1
8296,,Long Time Coming,Long Time Coming,Edie Claire,2003.0,3.77
8298,,High Heat (Jack Reacher #17.5),High Heat,Lee Child,2013.0,3.93
8306,,One Lavender Ribbon,One Lavender Ribbon ,Heather Burch,2014.0,3.78
8314,,The Mermaid's Sister,The Mermaid's Sister,Carrie Anne Noble,2015.0,3.64
8343,,"Dominic (Slater Brothers, #1)",,L.A. Casey,2014.0,4.08
8352,,A Long Way Home,A Long Way Home,Saroo Brierley,2013.0,4.12
8358,,UR,UR,Stephen King,2009.0,3.65
8362,,"The Assassin and the Empire (Throne of Glass, #0.5)",The Assassin and the Empire,Sarah J. Maas,2012.0,4.42
8363,,"Misbehaving (Sea Breeze, #6)",Misbehaving,Abbi Glines,2013.0,4.18
8371,,Daun Yang Jatuh Tak Pernah Membenci Angin,Daun Yang Jatuh Tak Pernah Membenci Angin,Tere Liye,2010.0,3.97
8380,,"Truthwitch (The Witchlands, #1)",Truthwitch,Susan Dennard,2016.0,3.93
8390,,"Endure (Need, #4)",Endure,Carrie Jones,2012.0,4.08
8391,,"Kaleidoscope Hearts (Hearts, #1)", Kaleidoscope Hearts,Claire Contreras,2015.0,4.06
8393,,"Cage (Corps Security, #2)",,Harper Sloan,2013.0,4.29
8394,,Mud Vein,Mud Vein,Tarryn Fisher,2014.0,4.11
8425,,"A Blaze of Sun (A Shade of Vampire, #5)",,Bella Forrest,2013.0,4.15
8435,,Obsession,,Jennifer L. Armentrout,2013.0,4.15
8440,,قمر على سمرقند,قمر على سمرقند,"محمد المنسي قنديل, Mohamed Mansi Qandil",2004.0,3.9
8441,,"Convicted (Consequences, #3)",,Aleatha Romig,2013.0,4.38
8446,,المرحوم,المرحوم,حسن كمال,2013.0,3.51
8452,,Where There's Smoke,Where There's Smoke,Jodi Picoult,2014.0,3.56
8458,,"Six's Legacy (Lorien Legacies: The Lost Files, #1)",Six's Legacy,Pittacus Lore,2011.0,4.08
8465,,ليتها تقرأ,ليتها تقرأ,خالد الباتلي,2010.0,3.04
8479,,"Maryamah Karpov: Mimpi-mimpi Lintang (Tetralogi Laskar Pelangi, #4)",Maryamah Karpov: Mimpi-mimpi Lintang,Andrea Hirata,2008.0,3.6
8493,,"Into the Deep (Into the Deep, #1)",Into the Deep,Samantha Young,2013.0,4.09
8499,,"Stone Cold Touch (The Dark Elements, #2)",Stone Cold Touch,Jennifer L. Armentrout,2014.0,4.38
8510,,"Incendiary (The Premonition, #4)",Incendiary,Amy A. Bartol,2012.0,4.43
8511,,Battlefield Earth: A Saga of the Year 3000,Battlefield Earth: A Saga of the Year 3000,L. Ron Hubbard,1982.0,3.49
8517,,"At Peace (The 'Burg, #2)",At Peace,Kristen Ashley,2011.0,4.49
8519,,Last Train to Istanbul,Nefes Nefese,"Ayşe Kulin, John W. Baker",2002.0,3.81
8537,,Stupeur et tremblements,Stupeur et tremblements,Amélie Nothomb,1999.0,3.72
8550,,"The Queen's Poisoner (Kingfountain, #1)",The Queen's Poisoner,Jeff Wheeler,2016.0,4.07
8575,,Killing Reagan: The Violent Assault That Changed a Presidency,Killing Reagan,"Bill O'Reilly, Martin Dugard",2015.0,4.08
8582,,The Sister,The Sister,Louise Jensen,2016.0,3.77
8586,,"The Shadow Throne (The Ascendance Trilogy, #3)",The Shadow Throne,Jennifer A. Nielsen,2014.0,4.23
8602,,"Accidentally on Purpose (Accidentally on Purpose, #1)",,L.D. Davis,2012.0,3.94
8613,,"Dawn of Wonder (The Wakening, #1)",Dawn of Wonder,Jonathan Renshaw,2015.0,4.36
8615,,أقوم قيلا,,سلطان موسى الموسى,2014.0,3.99
8621,,"Just One Drop (The Grey Wolves, #3)",Just One Drop,Quinn Loftis,2012.0,4.48
8628,,"The Look of Love (San Francisco Sullivans, #1; The Sullivans, #1)",The Look of Love,Bella Andre,2011.0,3.87
8641,,"Rival (Fall Away, #2)",Rival,"Penelope Douglas, Abby Craden, Nelson Hobbs",2014.0,4.16
8645,,"Spying in High Heels (High Heels, #1)",Spying in High Heels,Gemma Halliday,2006.0,3.67
8663,,"Empire of the Sun (Empire of the Sun, #1)",Empire of the Sun,J.G. Ballard,1984.0,3.98
8667,,"The Assassin and the Underworld (Throne of Glass, #0.4)",The Assassin and the Underworld,Sarah J. Maas,2012.0,4.37
8677,,"Curtsies & Conspiracies (Finishing School, #2)",Curtsies & Conspiracies,Gail Carriger,2013.0,4.11
8683,,"The Billionaire's Obsession ~ Simon (The Billionaire's Obsession, #1)",The Billionaire's Obsession ~ Simon,J.S. Scott,2013.0,4.0
8712,,"Evelyn, After","Evelyn, After",Victoria Helen Stone,2016.0,3.64
8743,,The Pact,,Karina Halle,2014.0,3.91
8747,,رأيت رام الله, رأيت رام الله,"Mourid Barghouti, مريد البرغوثي",1997.0,4.15
8754,,"The Sworn Sword (The Tales of Dunk and Egg, #2)",The Sworn Sword,George R.R. Martin,2003.0,4.07
8756,,The Complete Works of H.P. Lovecraft,,H.P. Lovecraft,1978.0,4.34
8769,,"The Keeping (Law of the Lycans, #3)",The Keeping,Nicky Charles,2010.0,4.18
8807,,"Wisdom (My Blood Approves, #4)",Wisdom,Amanda Hocking,2010.0,4.04
8809,,"Defy (Defy, #1)",Defy,Sara B. Larson,2014.0,3.74
8812,,The Misremembered Man (Tailorstown #1),The Misremembered Man,Christina McKenna,2008.0,3.72
8820,,The Story of a Shipwrecked Sailor,Relato de un náufrago,"Gabriel García Márquez, Randolph Hogan",1970.0,3.73
8824,,The Color of Secrets,,Lindsay Ashford,2015.0,3.85
8833,,True Love Story,True Love Story,Willow Aster,2013.0,4.08
8834,,The Moonlit Garden,Der Mondscheingarten,"Corina Bomann, Alison Layland",2013.0,3.74
8838,,"Hidden Bodies (You, #2)",Hidden Bodies,Caroline Kepnes,2016.0,3.87
8851,,"Wildest Dreams (Fantasyland, #1)",Wildest Dreams,Kristen Ashley,2011.0,4.19
8888,,"Beautiful Burn (The Maddox Brothers, #4)",Beautiful Burn,Jamie McGuire,2016.0,4.11
8891,,Wait for It,Wait for It,Mariana Zapata,2016.0,4.22
8910,,"The Blood Mirror (Lightbringer, #4)",The Blood Mirror,Brent Weeks,2016.0,4.29
8917,,"Rock Chick Revolution (Rock Chick, #8)",,Kristen Ashley,2013.0,4.46
8940,,"Cross My Heart (Cross My Heart, #1)",Cross My Heart,Katie Klein,2011.0,3.92
8951,,"Take This Regret (Take This Regret, #1)",Pulled,"Amy Lichtenhan, A.L. Jackson",2011.0,4.06
8953,,The Girl You Lost,,Kathryn Croft,2016.0,3.89
8954,,Willing Captive,Willing Captive,Belle Aurora,2013.0,4.11
8958,,"Radiance (Wraith Kings, #1)",Radiance,Grace Draven,2014.0,4.12
8969,,"Falling Free (Vorkosigan Saga, #4)",Falling Free,Lois McMaster Bujold,1987.0,3.82
8990,,"Fallen Crest Public (Fallen Crest High, #3)",,Tijan,2013.0,4.47
9008,,My Life with the Walter Boys (My Life with the Walter Boys #1),My Life with the Walter Boys,"Ali Novak, Fallzswimmer",2012.0,3.93
9011,,The Husband's Secret Free Preview,,Liane Moriarty,2013.0,3.99
9026,,"The Will (Magdalene, #1)",The Will,Kristen Ashley,2014.0,4.3
9029,,"The Billionaire Wins the Game (Billionaire Bachelors, #1)",The Billionaire Wins the Game,Melody Anne,2011.0,3.93
9034,,"Wrong Bed, Right Guy (Come Undone, #1)","Wrong Bed, Right Guy",Katee Robert,2012.0,3.77
9038,,حول العالم في 200 يوم,حول العالم في 200 يوم,أنيس منصور,1963.0,4.08
9040,,"Unattainable (Undeniable, #3)",,Madeline Sheehan,2013.0,4.31
9066,,"The Golden Dynasty (Fantasyland, #2)",,Kristen Ashley,2011.0,4.46
9088,,"The Arrangement: The Ferro Family (The Arrangement, #1)",,H.M. Ward,2013.0,4.02
9089,,Winter in Tokyo,Winter in Tokyo,Ilana Tan,2008.0,4.06
9098,,"Until Lilly (Until, #3)",,Aurora Rose Reynolds,2014.0,4.3
9100,,"Try Me (One Night with Sole Regret, #1)",Try Me,Olivia Cunning,2012.0,3.87
9104,,"Connected (Connections, #1)",Connected,Kim Karr,2013.0,4.11
9107,,"Taking Shots (Assassins, #1)",,Toni Aleo,2011.0,3.95
9108,,"Sweet Addiction (Sweet Addiction, #1)",Sweet Addiction,J.  Daniels,2014.0,4.11
9121,,"Fall From Grace (Mad World, #1)",,Christine Zolendz,2012.0,4.03
9135,,The Shadowhunter's Codex,The Shadowhunter's Codex,"Cassandra Clare, Joshua Lewis",2013.0,4.06
9163,,"Skin Deep (Legion, #2)",Legion: Skin Deep,"Brandon Sanderson, Jon Foster",2014.0,4.11
9164,,"Wicked (A Wicked Saga, #1)",Wicked,Jennifer L. Armentrout,2014.0,4.08
9166,,"Where I Belong (Alabama Summer, #1)",Where I Belong,J.  Daniels,2014.0,4.05
9173,,"Captured (The Captive, #1)",,Erica Stevens,2012.0,4.06
9180,,The Girl from Krakow,The Girl from Krakow,Alex Rosenberg,2015.0,3.79
9206,,Emmy & Oliver,Emmy & Oliver,Robin Benway,2015.0,3.91
9220,,رغم الفراق,,نور عبدالمجيد,2012.0,3.97
9223,,Broken Grace,,E.C. Diskin,2015.0,3.92
9225,,I Am Livia,,Phyllis T. Smith,2011.0,3.93
9234,,"Second Shift: Order (Shift, #2)",,Hugh Howey,2012.0,4.26
9243,,"Fire Burn and Cauldron Bubble (Jolie Wilkins, #1)",Fire Burn and Cauldron Bubble,H.P. Mallory,2010.0,3.85
9247,,"First to Kill (Nathan McBride, #1)",First to Kill ,Andrew  Peterson,2008.0,4.03
9256,,"The Mystery Knight (The Tales of Dunk and Egg, #3)",The Mystery Knight,George R.R. Martin,2010.0,4.2
9260,,Kulti,,Mariana Zapata,2015.0,4.36
9265,,"Witches of East End (The Beauchamp Family, #1)",Witches of East End,Melissa de la Cruz,2011.0,3.51
9268,,"Worth the Fight (MMA Fighter, #1)",Worth the Fight,Vi Keeland,2013.0,4.06
9277,,"In the Clearing (Tracy Crosswhite, #3)",,Robert Dugoni,2016.0,4.25
9327,,"The Boyfriend Thief (Stolen Kiss, #1)",,Shana Norris,2011.0,3.74
9331,,"The Vision (Fallen Star, #3)",,Jessica Sorensen,2011.0,4.15
9344,,Diary ng Panget,,"HaveYouSeenThisGirL, Jan Irene Villar",2013.0,4.4
9348,,"A Modern Witch (A Modern Witch, #1)",A Modern Witch,Debora Geary,2011.0,3.73
9350,,"Shine Not Burn (Shine Not Burn, #1)",Shine Not Burn,Elle Casey,2013.0,4.07
9369,,Heart on a Chain,Heart on a Chain,Cindy C. Bennett,2010.0,4.04
9372,,Wishin' and Hopin',Wishin' and Hopin': A Christmas Story,Wally Lamb,2009.0,3.52
9410,,"The Midwife's Revolt (The Midwife Series, #1)",,Jodi Daynard,2012.0,3.97
9411,,"Bound by Honor (Born in Blood Mafia Chronicles, #1)",Bound by Honor,Cora Reilly,2014.0,4.14
9412,,Anti-Stepbrother,,Tijan,2016.0,4.14
9419,,"Knight & Stay (Knight, #2)",,Kitty French,2013.0,4.19
9425,,"Maid for the Billionaire (Legacy Collection, #1)",,Ruth Cardello,2011.0,3.77
9444,,بضع ساعات في يوم ما,بضع ساعات في يوم ما,محمد صادق,2012.0,3.14
9466,,"Night Owl (Night Owl, #1)",,M. Pierce,2013.0,4.03
9473,,"Head Over Heels (Lucky Harbor, #3)","Head Over Heels (Lucky Harbor, #3)",Jill Shalvis,2011.0,4.16
9484,,"The Beggar King (The Hangman's Daughter, #3)","Die Henkerstochter und der König der Bettler (Band 3 aus der Reihe ""Die Henkerstochter-Saga"")","Oliver Pötzsch, Lee Chadeayne",2010.0,3.95
9485,,"Fifty Shades Duo: Fifty Shades Darker / Fifty Shades Freed (Fifty Shades, #2-3)",,E.L. James,2012.0,4.41
9516,,In the Miso Soup,イン ザ・ミソスープ,"Ryū Murakami, Ralph McCarthy",1997.0,3.61
9534,,"Until Nico (Until, #4)",,Aurora Rose Reynolds,2014.0,4.33
9539,,In the Penal Colony,In der Strafkolonie,Franz Kafka,1919.0,4.0
9547,,"Vicious (Sinners of Saint, #1)",Vicious,L.J. Shen,2016.0,4.25
9554,,شاب كشك في رحلة البحث عن الجادون,شاب كشك في رحلة البحث عن الجادون,عمرو سلامة,2011.0,3.66
9557,,"Reasonable Doubt: Volume 3 (Reasonable Doubt, #3)",Reasonable Doubt: Volume 3,Whitney G.,2014.0,4.19
9569,,المانيفستو,المانيفستو,مصطفى إبراهيم,2013.0,4.21
9571,,Love Left Behind,,S.H. Kolee,2012.0,4.0
9609,,"""حكايات فرغلي المستكاوي ""حكايتى مع كفر السحلاوية","""حكايات فرغلي المستكاوي ""حكايتى مع كفر السحلاوية",حسن الجندي,2013.0,3.57
9618,,"Bad Romeo (Starcrossed, #1)",Bad Romeo,Leisa Rayven,2014.0,4.1
9630,,"Holy Blood, Holy Grail",The Holy Blood and the Holy Grail,"Michael Baigent, Richard Leigh, Henry Lincoln",1982.0,3.47
9643,,"My Lady Jane (The Lady Janies, #1)",My Lady Jane,"Cynthia Hand, Brodi Ashton, Jodi Meadows",2016.0,4.12
9645,,"Blood Defense (Samantha Brinkman, #1)",,Marcia Clark,2016.0,3.81
9673,,After Anna,After Anna,Alex Lake,2015.0,3.7
9682,,صانع الظلام,صانع الظلام,تامر إبراهيم,2012.0,3.81
9684,,Cape Fear,The Executioners,John D. MacDonald,1958.0,4.07
9692,,"Forever You (Forever, #2)",,Sandi Lynn,2013.0,4.19
9696,,"The Finding (Law of the Lycans, #5)",The Finding,Nicky Charles,2011.0,4.18
9702,,"Hard Limit (Hacker, #4)",Hard Limit,Meredith Wild,2014.0,4.34
9704,,The Lake (The Lake Trilogy #1),,AnnaLisa Grant,2013.0,3.75
9705,,"Jake Undone (Jake, #1)",,Penelope Ward,2013.0,4.15
9712,,"The Wild Ones (The Wild Ones, #1)",The Wild Ones,M. Leighton,2012.0,3.94
9724,,"UnDivided (Unwind, #4)",UnDivided,Neal Shusterman,2014.0,4.48
9734,,"Lines of Departure (Frontlines, #2)",Lines of Departure,Marko Kloos,2014.0,4.08
9769,,مخطوطة بن إسحاق: مدينة الموتى,مخطوطة بن إسحاق: مدينة الموتى,حسن الجندي,2009.0,3.76
9776,,Half Way Home,,Hugh Howey,2010.0,3.7
9781,,"The Remaining (The Remaining, #1)",,D.J. Molles,2012.0,4.08
9798,,"The Space Between (Outlander, #7.5)",,Diana Gabaldon,2013.0,4.22
9800,,Zoya,Zoya,Danielle Steel,1988.0,3.95
9815,,Neighbor Dearest,,Penelope Ward,2016.0,4.23
9824,,Trouble,Trouble,Samantha Towle,2013.0,4.0
9828,,طه الغريب,"رواية "" طه الغريب """,محمد صادق,2010.0,3.67
9835,,"Tyrant (King, #2)",,T.M. Frazier,2015.0,4.39
9839,,Crooked Little Lies,,Barbara Taylor Sissel,2015.0,3.52
9843,,"Life Before Legend: Stories of the Criminal and the Prodigy (Legend, #0.5)",Life Before Legend,Marie Lu,2012.0,4.02
9849,,The Egg,The Egg,Andy Weir,2009.0,4.13
9868,,"Then Came You (The Gamblers, #1)",Then Came You,Lisa Kleypas,1993.0,3.99
9871,,The Versions of Us,The Versions of Us,Laura  Barnett,2015.0,3.57
9876,,"Trumps of Doom (The Chronicles of Amber, #6)",Trumps of Doom,Roger Zelazny,1985.0,4.06
9888,,"Overruled (The Legal Briefs, #1)",Overruled,Emma Chase,2015.0,3.83
9892,,Open Road Summer,Open Road Summer,Emery Lord,2014.0,3.91
9894,,"Dirty English (English, #1)",Dirty English,Ilsa Madden-Mills,2015.0,3.95
9899,,Guts,Guts,Chuck Palahniuk,2004.0,3.93
9903,,"Hard as It Gets (Hard Ink, #1)",Hard As It Gets,Laura Kaye,2013.0,4.01
9912,,A Thousand Boy Kisses,A Thousand Boy Kisses,Tillie Cole,2016.0,4.29
9928,,زغازيغ,,أحمد خالد توفيق,,3.55
9944,,"Rock Bottom (Tristan & Danika, #2)",,R.K. Lilley,2013.0,4.46
9958,,"Proper Gauge (Wool, #2)",Wool 2: Proper Gauge,Hugh Howey,2011.0,4.15
9966,,الحرافيش,ملحمة الحرافيش,"Naguib Mahfouz, نجيب محفوظ",1977.0,4.34
9970,,"The Tycoon's Revenge (Baby for the Billionaire, #1)",,Melody Anne,2011.0,3.87
9988,,"Out of the Dark (The Grey Wolves, #4)",Out of the Dark ,Quinn Loftis,2012.0,4.5
